timestamp,src_ip,dst_ip,dst_port,fingerprint
2025-10-26T11:02:08+00:00,10.1.5.97,198.51.100.202,443,badf00d9f3a6c1b72c8d11e6a4b9d2cc
2025-10-26T11:03:14+00:00,10.1.5.97,198.51.100.202,443,badf00d9f3a6c1b72c8d11e6a4b9d2cc
2025-10-26T11:05:39+00:00,10.1.5.97,198.51.100.202,443,badf00d9f3a6c1b72c8d11e6a4b9d2cc
2025-10-26T11:06:42+00:00,10.1.5.97,198.51.100.202,443,badf00d9f3a6c1b72c8d11e6a4b9d2cc
2025-10-26T11:07:45+00:00,10.1.5.97,198.51.100.201,443,badf00d9f3a6c1b72c8d11e6a4b9d2cc
2025-10-26T11:08:02+00:00,10.1.5.97,151.101.193.140,443,e7d705a3286e19ea42f587b344ee6865
2025-10-26T11:08:52+00:00,10.1.5.97,198.51.100.200,443,badf00d9f3a6c1b72c8d11e6a4b9d2cc
2025-10-26T11:09:54+00:00,10.1.5.97,198.51.100.202,443,badf00d9f3a6c1b72c8d11e6a4b9d2cc
2025-10-26T11:11:03+00:00,10.1.5.97,198.51.100.200,443,badf00d9f3a6c1b72c8d11e6a4b9d2cc
2025-10-26T11:12:04+00:00,10.1.5.97,198.51.100.200,443,badf00d9f3a6c1b72c8d11e6a4b9d2cc
2025-10-26T11:13:01+00:00,10.1.5.108,151.101.193.140,443,e7d705a3286e19ea42f587b344ee6865
2025-10-26T11:13:10+00:00,10.1.5.97,198.51.100.200,443,badf00d9f3a6c1b72c8d11e6a4b9d2cc
2025-10-26T11:14:22+00:00,10.1.5.97,198.51.100.202,443,badf00d9f3a6c1b72c8d11e6a4b9d2cc
2025-10-26T11:15:28+00:00,10.1.5.97,198.51.100.202,443,badf00d9f3a6c1b72c8d11e6a4b9d2cc
2025-10-26T11:16:39+00:00,10.1.5.97,198.51.100.202,443,badf00d9f3a6c1b72c8d11e6a4b9d2cc
2025-10-26T11:17:43+00:00,10.1.5.97,198.51.100.201,443,badf00d9f3a6c1b72c8d11e6a4b9d2cc
2025-10-26T11:18:09+00:00,10.1.5.108,151.101.193.140,443,e7d705a3286e19ea42f587b344ee6865
2025-10-26T11:19:00+00:00,10.1.5.97,198.51.100.201,443,badf00d9f3a6c1b72c8d11e6a4b9d2cc
2025-10-26T11:20:01+00:00,10.1.5.97,198.51.100.202,443,badf00d9f3a6c1b72c8d11e6a4b9d2cc
2025-10-26T11:21:15+00:00,10.1.5.97,198.51.100.200,443,badf00d9f3a6c1b72c8d11e6a4b9d2cc
2025-10-26T11:22:18+00:00,10.1.5.97,198.51.100.200,443,badf00d9f3a6c1b72c8d11e6a4b9d2cc
2025-10-26T11:23:12+00:00,10.1.5.121,151.101.193.140,443,e7d705a3286e19ea42f587b344ee6865
2025-10-26T11:23:30+00:00,10.1.5.97,198.51.100.201,443,badf00d9f3a6c1b72c8d11e6a4b9d2cc
2025-10-26T11:24:46+00:00,10.1.5.97,198.51.100.202,443,badf00d9f3a6c1b72c8d11e6a4b9d2cc
2025-10-26T11:25:57+00:00,10.1.5.97,198.51.100.200,443,badf00d9f3a6c1b72c8d11e6a4b9d2cc
2025-10-26T11:27:04+00:00,10.1.5.97,198.51.100.202,443,badf00d9f3a6c1b72c8d11e6a4b9d2cc
2025-10-26T11:28:16+00:00,10.1.5.121,151.101.193.140,443,e7d705a3286e19ea42f587b344ee6865
2025-10-26T11:28:20+00:00,10.1.5.97,198.51.100.200,443,badf00d9f3a6c1b72c8d11e6a4b9d2cc
2025-10-26T11:29:30+00:00,10.1.5.97,198.51.100.202,443,badf00d9f3a6c1b72c8d11e6a4b9d2cc
2025-10-26T11:30:47+00:00,10.1.5.97,198.51.100.201,443,badf00d9f3a6c1b72c8d11e6a4b9d2cc
2025-10-26T11:31:52+00:00,10.1.5.97,198.51.100.202,443,badf00d9f3a6c1b72c8d11e6a4b9d2cc
2025-10-26T11:32:59+00:00,10.1.5.97,198.51.100.200,443,badf00d9f3a6c1b72c8d11e6a4b9d2cc
2025-10-26T11:33:17+00:00,10.1.5.121,172.217.14.228,443,e7d705a3286e19ea42f587b344ee6865
2025-10-26T11:34:13+00:00,10.1.5.97,198.51.100.201,443,badf00d9f3a6c1b72c8d11e6a4b9d2cc
2025-10-26T11:35:17+00:00,10.1.5.97,198.51.100.201,443,badf00d9f3a6c1b72c8d11e6a4b9d2cc
2025-10-26T11:36:38+00:00,10.1.5.97,198.51.100.201,443,badf00d9f3a6c1b72c8d11e6a4b9d2cc
2025-10-26T11:37:52+00:00,10.1.5.97,198.51.100.201,443,badf00d9f3a6c1b72c8d11e6a4b9d2cc
2025-10-26T11:38:08+00:00,10.1.5.97,172.217.14.228,443,e7d705a3286e19ea42f587b344ee6865
2025-10-26T11:38:55+00:00,10.1.5.97,198.51.100.201,443,badf00d9f3a6c1b72c8d11e6a4b9d2cc
2025-10-26T11:40:15+00:00,10.1.5.97,198.51.100.200,443,badf00d9f3a6c1b72c8d11e6a4b9d2cc
2025-10-26T11:41:19+00:00,10.1.5.97,198.51.100.200,443,badf00d9f3a6c1b72c8d11e6a4b9d2cc
2025-10-26T11:42:25+00:00,10.1.5.97,198.51.100.201,443,badf00d9f3a6c1b72c8d11e6a4b9d2cc
2025-10-26T11:43:13+00:00,10.1.5.97,151.101.193.140,443,e7d705a3286e19ea42f587b344ee6865
2025-10-26T11:43:32+00:00,10.1.5.97,198.51.100.202,443,badf00d9f3a6c1b72c8d11e6a4b9d2cc
2025-10-26T11:44:48+00:00,10.1.5.97,198.51.100.202,443,badf00d9f3a6c1b72c8d11e6a4b9d2cc
2025-10-26T11:45:52+00:00,10.1.5.108,198.51.100.200,443,badf00d9f3a6c1b72c8d11e6a4b9d2cc
2025-10-26T11:46:54+00:00,10.1.5.108,198.51.100.200,443,badf00d9f3a6c1b72c8d11e6a4b9d2cc
2025-10-26T11:48:07+00:00,10.1.5.108,198.51.100.202,443,badf00d9f3a6c1b72c8d11e6a4b9d2cc
2025-10-26T11:48:23+00:00,10.1.5.121,172.217.14.228,443,e7d705a3286e19ea42f587b344ee6865
2025-10-26T11:49:25+00:00,10.1.5.108,198.51.100.201,443,badf00d9f3a6c1b72c8d11e6a4b9d2cc
2025-10-26T11:50:41+00:00,10.1.5.108,198.51.100.201,443,badf00d9f3a6c1b72c8d11e6a4b9d2cc
2025-10-26T11:53:09+00:00,10.1.5.108,198.51.100.200,443,badf00d9f3a6c1b72c8d11e6a4b9d2cc
2025-10-26T11:53:18+00:00,10.1.5.97,172.217.14.228,443,e7d705a3286e19ea42f587b344ee6865
2025-10-26T11:54:18+00:00,10.1.5.108,198.51.100.202,443,badf00d9f3a6c1b72c8d11e6a4b9d2cc
2025-10-26T11:55:33+00:00,10.1.5.108,198.51.100.200,443,badf00d9f3a6c1b72c8d11e6a4b9d2cc
2025-10-26T11:56:51+00:00,10.1.5.108,198.51.100.202,443,badf00d9f3a6c1b72c8d11e6a4b9d2cc
2025-10-26T11:58:27+00:00,10.1.5.121,151.101.193.140,443,e7d705a3286e19ea42f587b344ee6865
2025-10-26T11:59:15+00:00,10.1.5.108,198.51.100.200,443,badf00d9f3a6c1b72c8d11e6a4b9d2cc
2025-10-26T12:00:31+00:00,10.1.5.108,198.51.100.201,443,badf00d9f3a6c1b72c8d11e6a4b9d2cc
2025-10-26T12:01:32+00:00,10.1.5.108,198.51.100.200,443,badf00d9f3a6c1b72c8d11e6a4b9d2cc
2025-10-26T12:02:37+00:00,10.1.5.108,198.51.100.200,443,badf00d9f3a6c1b72c8d11e6a4b9d2cc
2025-10-26T12:03:37+00:00,10.1.5.108,172.217.14.228,443,e7d705a3286e19ea42f587b344ee6865
2025-10-26T12:03:55+00:00,10.1.5.108,198.51.100.202,443,badf00d9f3a6c1b72c8d11e6a4b9d2cc
2025-10-26T12:05:13+00:00,10.1.5.108,198.51.100.200,443,badf00d9f3a6c1b72c8d11e6a4b9d2cc
2025-10-26T12:06:24+00:00,10.1.5.108,198.51.100.202,443,badf00d9f3a6c1b72c8d11e6a4b9d2cc
2025-10-26T12:07:36+00:00,10.1.5.108,198.51.100.201,443,badf00d9f3a6c1b72c8d11e6a4b9d2cc
2025-10-26T12:08:42+00:00,10.1.5.97,172.217.14.228,443,e7d705a3286e19ea42f587b344ee6865
2025-10-26T12:08:50+00:00,10.1.5.108,198.51.100.200,443,badf00d9f3a6c1b72c8d11e6a4b9d2cc
2025-10-26T12:10:11+00:00,10.1.5.108,198.51.100.202,443,badf00d9f3a6c1b72c8d11e6a4b9d2cc
2025-10-26T12:13:46+00:00,10.1.5.121,172.217.14.228,443,e7d705a3286e19ea42f587b344ee6865
2025-10-26T12:13:56+00:00,10.1.5.108,198.51.100.201,443,badf00d9f3a6c1b72c8d11e6a4b9d2cc
2025-10-26T12:15:48+00:00,10.1.5.108,198.51.100.200,443,badf00d9f3a6c1b72c8d11e6a4b9d2cc
2025-10-26T12:17:31+00:00,10.1.5.108,198.51.100.200,443,badf00d9f3a6c1b72c8d11e6a4b9d2cc
2025-10-26T12:18:48+00:00,10.1.5.108,172.217.14.228,443,e7d705a3286e19ea42f587b344ee6865
2025-10-26T12:19:11+00:00,10.1.5.108,198.51.100.201,443,badf00d9f3a6c1b72c8d11e6a4b9d2cc
2025-10-26T12:20:50+00:00,10.1.5.108,198.51.100.201,443,badf00d9f3a6c1b72c8d11e6a4b9d2cc
2025-10-26T12:22:28+00:00,10.1.5.108,198.51.100.201,443,badf00d9f3a6c1b72c8d11e6a4b9d2cc
2025-10-26T12:23:51+00:00,10.1.5.108,172.217.14.228,443,e7d705a3286e19ea42f587b344ee6865
2025-10-26T12:24:14+00:00,10.1.5.108,198.51.100.202,443,badf00d9f3a6c1b72c8d11e6a4b9d2cc
2025-10-26T12:26:06+00:00,10.1.5.108,198.51.100.202,443,badf00d9f3a6c1b72c8d11e6a4b9d2cc
2025-10-26T12:27:46+00:00,10.1.5.108,198.51.100.200,443,badf00d9f3a6c1b72c8d11e6a4b9d2cc
2025-10-26T12:28:54+00:00,10.1.5.121,172.217.14.228,443,e7d705a3286e19ea42f587b344ee6865
2025-10-26T12:29:22+00:00,10.1.5.108,198.51.100.202,443,badf00d9f3a6c1b72c8d11e6a4b9d2cc
2025-10-26T12:32:42+00:00,10.1.5.121,198.51.100.201,443,badf00d9f3a6c1b72c8d11e6a4b9d2cc
2025-10-26T12:33:44+00:00,10.1.5.121,151.101.193.140,443,e7d705a3286e19ea42f587b344ee6865
2025-10-26T12:34:32+00:00,10.1.5.121,198.51.100.200,443,badf00d9f3a6c1b72c8d11e6a4b9d2cc
2025-10-26T12:36:06+00:00,10.1.5.121,198.51.100.200,443,badf00d9f3a6c1b72c8d11e6a4b9d2cc
2025-10-26T12:37:41+00:00,10.1.5.121,198.51.100.202,443,badf00d9f3a6c1b72c8d11e6a4b9d2cc
2025-10-26T12:38:51+00:00,10.1.5.108,151.101.193.140,443,e7d705a3286e19ea42f587b344ee6865
2025-10-26T12:39:24+00:00,10.1.5.121,198.51.100.202,443,badf00d9f3a6c1b72c8d11e6a4b9d2cc
2025-10-26T12:41:12+00:00,10.1.5.121,198.51.100.202,443,badf00d9f3a6c1b72c8d11e6a4b9d2cc
2025-10-26T12:42:45+00:00,10.1.5.121,198.51.100.200,443,badf00d9f3a6c1b72c8d11e6a4b9d2cc
2025-10-26T12:43:47+00:00,10.1.5.97,172.217.14.228,443,e7d705a3286e19ea42f587b344ee6865
2025-10-26T12:44:39+00:00,10.1.5.121,198.51.100.201,443,badf00d9f3a6c1b72c8d11e6a4b9d2cc
2025-10-26T12:46:22+00:00,10.1.5.121,198.51.100.201,443,badf00d9f3a6c1b72c8d11e6a4b9d2cc
2025-10-26T12:48:06+00:00,10.1.5.121,198.51.100.201,443,badf00d9f3a6c1b72c8d11e6a4b9d2cc
2025-10-26T12:48:46+00:00,10.1.5.97,172.217.14.228,443,e7d705a3286e19ea42f587b344ee6865
2025-10-26T12:49:43+00:00,10.1.5.121,198.51.100.200,443,badf00d9f3a6c1b72c8d11e6a4b9d2cc
2025-10-26T12:51:25+00:00,10.1.5.121,198.51.100.202,443,badf00d9f3a6c1b72c8d11e6a4b9d2cc
2025-10-26T12:53:16+00:00,10.1.5.121,198.51.100.201,443,badf00d9f3a6c1b72c8d11e6a4b9d2cc
2025-10-26T12:53:50+00:00,10.1.5.97,172.217.14.228,443,e7d705a3286e19ea42f587b344ee6865
2025-10-26T12:55:09+00:00,10.1.5.121,198.51.100.202,443,badf00d9f3a6c1b72c8d11e6a4b9d2cc
2025-10-26T12:56:47+00:00,10.1.5.121,198.51.100.200,443,badf00d9f3a6c1b72c8d11e6a4b9d2cc
2025-10-26T12:58:17+00:00,10.1.5.121,198.51.100.202,443,badf00d9f3a6c1b72c8d11e6a4b9d2cc
2025-10-26T12:58:56+00:00,10.1.5.121,151.101.193.140,443,e7d705a3286e19ea42f587b344ee6865
2025-10-26T13:00:06+00:00,10.1.5.121,198.51.100.202,443,badf00d9f3a6c1b72c8d11e6a4b9d2cc
2025-10-26T13:01:43+00:00,10.1.5.121,198.51.100.202,443,badf00d9f3a6c1b72c8d11e6a4b9d2cc
2025-10-26T13:03:21+00:00,10.1.5.121,198.51.100.202,443,badf00d9f3a6c1b72c8d11e6a4b9d2cc
2025-10-26T13:03:53+00:00,10.1.5.97,151.101.193.140,443,e7d705a3286e19ea42f587b344ee6865
2025-10-26T13:05:14+00:00,10.1.5.121,198.51.100.201,443,badf00d9f3a6c1b72c8d11e6a4b9d2cc
2025-10-26T13:06:58+00:00,10.1.5.121,198.51.100.201,443,badf00d9f3a6c1b72c8d11e6a4b9d2cc
2025-10-26T13:08:36+00:00,10.1.5.121,198.51.100.201,443,badf00d9f3a6c1b72c8d11e6a4b9d2cc
2025-10-26T13:09:03+00:00,10.1.5.121,172.217.14.228,443,e7d705a3286e19ea42f587b344ee6865
2025-10-26T13:10:18+00:00,10.1.5.121,198.51.100.201,443,badf00d9f3a6c1b72c8d11e6a4b9d2cc
2025-10-26T13:11:55+00:00,10.1.5.121,198.51.100.200,443,badf00d9f3a6c1b72c8d11e6a4b9d2cc
2025-10-26T13:13:40+00:00,10.1.5.121,198.51.100.200,443,badf00d9f3a6c1b72c8d11e6a4b9d2cc
2025-10-26T13:13:55+00:00,10.1.5.121,172.217.14.228,443,e7d705a3286e19ea42f587b344ee6865
2025-10-26T13:15:26+00:00,10.1.5.121,198.51.100.202,443,badf00d9f3a6c1b72c8d11e6a4b9d2cc
2025-10-26T13:17:07+00:00,10.1.5.121,198.51.100.200,443,badf00d9f3a6c1b72c8d11e6a4b9d2cc
2025-10-26T13:18:56+00:00,10.1.5.108,172.217.14.228,443,e7d705a3286e19ea42f587b344ee6865
2025-10-26T13:18:59+00:00,10.1.5.121,198.51.100.200,443,badf00d9f3a6c1b72c8d11e6a4b9d2cc
2025-10-26T13:20:32+00:00,10.1.5.121,198.51.100.202,443,badf00d9f3a6c1b72c8d11e6a4b9d2cc
2025-10-26T13:23:54+00:00,10.1.5.108,151.101.193.140,443,e7d705a3286e19ea42f587b344ee6865
2025-10-26T13:28:48+00:00,10.1.5.121,172.217.14.228,443,e7d705a3286e19ea42f587b344ee6865
2025-10-26T13:33:47+00:00,10.1.5.97,172.217.14.228,443,e7d705a3286e19ea42f587b344ee6865
2025-10-26T13:38:37+00:00,10.1.5.108,151.101.193.140,443,e7d705a3286e19ea42f587b344ee6865
2025-10-26T13:43:39+00:00,10.1.5.108,151.101.193.140,443,e7d705a3286e19ea42f587b344ee6865
2025-10-26T13:48:45+00:00,10.1.5.97,151.101.193.140,443,e7d705a3286e19ea42f587b344ee6865
2025-10-26T13:53:43+00:00,10.1.5.108,172.217.14.228,443,e7d705a3286e19ea42f587b344ee6865
2025-10-26T13:58:52+00:00,10.1.5.108,151.101.193.140,443,e7d705a3286e19ea42f587b344ee6865
2025-10-26T14:04:00+00:00,10.1.5.121,151.101.193.140,443,e7d705a3286e19ea42f587b344ee6865
2025-10-26T14:09:10+00:00,10.1.5.97,151.101.193.140,443,e7d705a3286e19ea42f587b344ee6865
2025-10-26T14:14:09+00:00,10.1.5.97,151.101.193.140,443,e7d705a3286e19ea42f587b344ee6865
2025-10-26T14:19:03+00:00,10.1.5.97,172.217.14.228,443,e7d705a3286e19ea42f587b344ee6865
2025-10-26T14:24:12+00:00,10.1.5.97,172.217.14.228,443,e7d705a3286e19ea42f587b344ee6865
